sealed_on,data_until,n_universes,seed,team,group,elo,p_group_win,p_runner_up,p_r32,p_r16,p_qf,p_sf,p_final,p_champion,exp_pts
2026-06-11,2026-06-09,200000,2026,Spain,H,2219.0,0.79814,0.17935,0.99549,0.77123,0.58010,0.46668,0.34155,0.23044,7.590
2026-06-11,2026-06-09,200000,2026,Argentina,J,2190.0,0.78212,0.15805,0.98167,0.69559,0.55249,0.41293,0.28910,0.18440,7.151
2026-06-11,2026-06-09,200000,2026,France,I,2125.0,0.60570,0.25133,0.95227,0.70737,0.47247,0.31079,0.17031,0.09485,6.318
2026-06-11,2026-06-09,200000,2026,England,L,2086.3,0.60491,0.27397,0.96780,0.65992,0.38213,0.22956,0.12477,0.06338,6.497
2026-06-11,2026-06-09,200000,2026,Brazil,C,2068.9,0.56105,0.29327,0.95125,0.61892,0.39813,0.23802,0.12051,0.06080,6.228
2026-06-11,2026-06-09,200000,2026,Colombia,K,2064.1,0.46476,0.34107,0.92156,0.60597,0.34029,0.18278,0.10014,0.04832,5.787
2026-06-11,2026-06-09,200000,2026,Portugal,K,2042.6,0.41903,0.36100,0.90716,0.57576,0.30641,0.16007,0.08370,0.03868,5.590
2026-06-11,2026-06-09,200000,2026,Ecuador,E,2028.0,0.45295,0.35646,0.94163,0.59020,0.30658,0.16350,0.07169,0.03136,5.909
2026-06-11,2026-06-09,200000,2026,Germany,E,2004.7,0.43159,0.36452,0.93661,0.57222,0.28817,0.14740,0.06239,0.02553,5.806
2026-06-11,2026-06-09,200000,2026,Netherlands,F,2010.8,0.44869,0.33642,0.90790,0.47808,0.28017,0.14030,0.05933,0.02480,5.656
2026-06-11,2026-06-09,200000,2026,Mexico,A,1980.3,0.66703,0.22783,0.96644,0.66368,0.36902,0.16570,0.06531,0.02446,6.630
2026-06-11,2026-06-09,200000,2026,Japan,F,1993.6,0.42049,0.34833,0.89924,0.46226,0.26508,0.12852,0.05329,0.02203,5.539
2026-06-11,2026-06-09,200000,2026,Morocco,C,1985.0,0.31799,0.39711,0.87857,0.46873,0.25993,0.12710,0.05219,0.02151,5.190
2026-06-11,2026-06-09,200000,2026,Uruguay,H,1975.5,0.18198,0.61159,0.90528,0.36643,0.19911,0.10170,0.04498,0.01645,5.222
2026-06-11,2026-06-09,200000,2026,Belgium,G,1956.8,0.45494,0.28634,0.88044,0.52001,0.25018,0.09154,0.04023,0.01472,5.449
2026-06-11,2026-06-09,200000,2026,Switzerland,B,1956.1,0.41685,0.43782,0.94866,0.56921,0.25798,0.10015,0.03770,0.01253,5.977
2026-06-11,2026-06-09,200000,2026,Croatia,L,1969.4,0.27665,0.41117,0.87809,0.44300,0.18431,0.08400,0.03454,0.01214,5.088
2026-06-11,2026-06-09,200000,2026,Norway,I,1971.7,0.21455,0.35212,0.78370,0.41933,0.20050,0.08861,0.03383,0.01179,4.439
2026-06-11,2026-06-09,200000,2026,Turkey,D,1969.5,0.29995,0.26230,0.74091,0.42723,0.19520,0.07235,0.02954,0.01039,4.397
2026-06-11,2026-06-09,200000,2026,Canada,B,1898.8,0.53382,0.36557,0.96815,0.58051,0.26460,0.08466,0.02826,0.00813,6.432
2026-06-11,2026-06-09,200000,2026,United States,D,1827.0,0.26133,0.25772,0.70690,0.38434,0.16240,0.05858,0.02236,0.00726,4.170
2026-06-11,2026-06-09,200000,2026,Iran,G,1897.1,0.31057,0.31126,0.80236,0.40280,0.15951,0.05074,0.01821,0.00549,4.725
2026-06-11,2026-06-09,200000,2026,Senegal,I,1913.7,0.15087,0.29668,0.69776,0.33111,0.14192,0.05383,0.01804,0.00545,3.904
2026-06-11,2026-06-09,200000,2026,Australia,D,1902.0,0.22345,0.24058,0.65736,0.33964,0.13593,0.04584,0.01588,0.00477,3.884
2026-06-11,2026-06-09,200000,2026,Paraguay,D,1918.6,0.21527,0.23941,0.65001,0.33332,0.13146,0.04494,0.01587,0.00475,3.838
2026-06-11,2026-06-09,200000,2026,South Korea,A,1881.1,0.20325,0.39431,0.79290,0.39515,0.15247,0.05096,0.01489,0.00417,4.485
2026-06-11,2026-06-09,200000,2026,Austria,J,1890.0,0.09604,0.34094,0.64545,0.19590,0.08220,0.02911,0.01014,0.00271,3.621
2026-06-11,2026-06-09,200000,2026,Algeria,J,1873.1,0.08915,0.32801,0.62910,0.18710,0.07672,0.02575,0.00839,0.00203,3.529
2026-06-11,2026-06-09,200000,2026,Panama,L,1854.2,0.10544,0.25629,0.66757,0.22155,0.06716,0.02015,0.00583,0.00139,3.647
2026-06-11,2026-06-09,200000,2026,Scotland,C,1844.3,0.09433,0.21921,0.58905,0.19322,0.06874,0.02012,0.00475,0.00109,3.305
2026-06-11,2026-06-09,200000,2026,Ivory Coast,E,1815.0,0.10326,0.23005,0.66173,0.23376,0.07353,0.01903,0.00430,0.00095,3.598
2026-06-11,2026-06-09,200000,2026,Egypt,G,1810.4,0.15330,0.24066,0.61480,0.22729,0.06475,0.01545,0.00396,0.00081,3.568
2026-06-11,2026-06-09,200000,2026,Uzbekistan,K,1820.6,0.07429,0.17977,0.50106,0.16367,0.04591,0.01319,0.00350,0.00070,2.935
2026-06-11,2026-06-09,200000,2026,Czech Republic,A,1802.0,0.10059,0.26293,0.61438,0.23578,0.06952,0.01598,0.00348,0.00064,3.448
2026-06-11,2026-06-09,200000,2026,Sweden,F,1770.6,0.07355,0.16920,0.46938,0.12019,0.03397,0.00766,0.00148,0.00030,2.820
2026-06-11,2026-06-09,200000,2026,Jordan,J,1775.5,0.03268,0.17300,0.37118,0.07863,0.02331,0.00511,0.00108,0.00017,2.369
2026-06-11,2026-06-09,200000,2026,New Zealand,G,1731.8,0.08118,0.16174,0.42948,0.11872,0.02542,0.00451,0.00087,0.00015,2.688
2026-06-11,2026-06-09,200000,2026,DR Congo,K,1763.4,0.04191,0.11816,0.34342,0.08908,0.01956,0.00457,0.00096,0.00015,2.259
2026-06-11,2026-06-09,200000,2026,Tunisia,F,1738.2,0.05727,0.14605,0.40638,0.09532,0.02514,0.00517,0.00082,0.00013,2.540
2026-06-11,2026-06-09,200000,2026,Iraq,I,1738.1,0.02888,0.09988,0.26701,0.07081,0.01713,0.00341,0.00059,0.00007,1.922
2026-06-11,2026-06-09,200000,2026,Saudi Arabia,H,1693.1,0.01272,0.12401,0.34913,0.05972,0.01324,0.00233,0.00038,0.00006,2.278
2026-06-11,2026-06-09,200000,2026,Haiti,C,1707.4,0.02663,0.09041,0.26500,0.05131,0.01180,0.00205,0.00022,0.00003,1.899
2026-06-11,2026-06-09,200000,2026,Bosnia and Herzegovina,B,1651.7,0.03313,0.12358,0.41591,0.08544,0.01464,0.00162,0.00016,0.00002,2.516
2026-06-11,2026-06-09,200000,2026,South Africa,A,1663.2,0.02913,0.11494,0.29702,0.07147,0.01342,0.00171,0.00024,0.00001,2.041
2026-06-11,2026-06-09,200000,2026,Cape Verde,H,1653.7,0.00717,0.08506,0.24355,0.03340,0.00612,0.00077,0.00009,0.00001,1.831
2026-06-11,2026-06-09,200000,2026,Curaçao,E,1605.9,0.01219,0.04896,0.16293,0.02340,0.00321,0.00028,0.00004,0.00001,1.396
2026-06-11,2026-06-09,200000,2026,Qatar,B,1566.2,0.01620,0.07304,0.25712,0.03870,0.00479,0.00040,0.00003,0.00000,1.854
2026-06-11,2026-06-09,200000,2026,Ghana,L,1625.3,0.01300,0.05857,0.17922,0.02352,0.00318,0.00038,0.00006,0.00000,1.481
